{
    "local": {
        "unoptimized": {
            "crossbar": {
                "bcast": {
                    "1": 60.40000000037253,
                    "2": 170.20000000018626,
                    "4": 244.09999999962747,
                    "8": 462.80000000074506,
                    "16": 1048.7999999998137,
                    "32": 2095.100000000559
                },
                "allreduce": {
                    "1": 13.800000000745058,
                    "2": 38.10000000055879,
                    "4": 88.90000000037253,
                    "8": 296.09999999962747,
                    "16": 865.8999999994412,
                    "32": 3194.4000000003725
                },
                "barrier": {
                    "1": 9.299999999813735,
                    "2": 57.59999999962747,
                    "4": 140.59999999962747,
                    "8": 273.5,
                    "16": 626.3000000007451,
                    "32": 1197.300000000745
                }
            },
            "ring": {
                "bcast": {
                    "1": 63.59999999962747,
                    "2": 172.90000000037253,
                    "4": 531.2000000001863,
                    "8": 1399.1000000005588,
                    "16": 3481.0,
                    "32": 9800.200000000186
                },
                "allreduce": {
                    "1": 13.700000000186265,
                    "2": 39.200000000186265,
                    "4": 150.59999999962747,
                    "8": 627.2000000001863,
                    "16": 2891.300000000745,
                    "32": 21468.5
                },
                "barrier": {
                    "1": 8.799999999813735,
                    "2": 63.19999999925494,
                    "4": 180.70000000018626,
                    "8": 406.70000000018626,
                    "16": 1028.1000000005588,
                    "32": 2685.7999999998137
                }
            },
            "tree": {
                "bcast": {
                    "1": 57.60000000055879,
                    "2": 162.80000000074506,
                    "4": 527.7000000001863,
                    "8": 1153.5,
                    "16": 2104.9000000003725,
                    "32": 4291.100000000559
                },
                "allreduce": {
                    "1": 13.099999999627471,
                    "2": 40.09999999962747,
                    "4": 192.6000000005588,
                    "8": 744.7999999998137,
                    "16": 2947.7000000001863,
                    "32": 14209.799999999814
                },
                "barrier": {
                    "1": 8.5,
                    "2": 60.700000000186265,
                    "4": 212.20000000018626,
                    "8": 413.79999999981374,
                    "16": 657.8999999994412,
                    "32": 1352.3999999994412
                }
            }
        },
        "optimized": {
            "crossbar": {
                "bcast": {
                    "1": 62.0,
                    "2": 118.20000000018626,
                    "4": 132.29999999981374,
                    "8": 212.70000000018626,
                    "16": 466.79999999981374,
                    "32": 967.8000000007451
                },
                "allreduce": {
                    "1": 41.5,
                    "2": 45.80000000074506,
                    "4": 79.0,
                    "8": 197.20000000018626,
                    "16": 491.6000000005588,
                    "32": 1538.7000000001863
                },
                "barrier": {
                    "1": 11.5,
                    "2": 56.09999999962747,
                    "4": 117.09999999962747,
                    "8": 226.90000000037253,
                    "16": 481.1000000005588,
                    "32": 1038.5999999996275
                }
            },
            "ring": {
                "bcast": {
                    "1": 59.09999999962747,
                    "2": 115.09999999962747,
                    "4": 194.70000000018626,
                    "8": 342.1000000005588,
                    "16": 490.8999999994412,
                    "32": 973.1000000005588
                },
                "allreduce": {
                    "1": 40.30000000074506,
                    "2": 46.59999999962747,
                    "4": 96.5,
                    "8": 236.79999999981374,
                    "16": 522.3000000007451,
                    "32": 1471.199999999255
                },
                "barrier": {
                    "1": 11.0,
                    "2": 55.0,
                    "4": 121.90000000037253,
                    "8": 337.30000000074506,
                    "16": 668.0999999996275,
                    "32": 1472.5999999996275
                }
            },
            "tree": {
                "bcast": {
                    "1": 58.39999999944121,
                    "2": 113.70000000018626,
                    "4": 186.29999999981374,
                    "8": 316.8999999994412,
                    "16": 506.70000000018626,
                    "32": 927.7999999998137
                },
                "allreduce": {
                    "1": 7.400000000372529,
                    "2": 29.299999999813735,
                    "4": 69.8999999994412,
                    "8": 115.29999999981374,
                    "16": 174.0,
                    "32": 290.1000000005588
                },
                "barrier": {
                    "1": 10.200000000186265,
                    "2": 62.0,
                    "4": 141.29999999981374,
                    "8": 308.09999999962747,
                    "16": 476.70000000018626,
                    "32": 903.0999999996275
                }
            }
        }
    },
    "global": {
        "unoptimized": {
            "tree": {
                "bcast": {
                    "2": 306.20000000018626,
                    "4": 309.90000000037253,
                    "8": 5170.299999999814,
                    "16": 5130.5,
                    "32": 5111.0,
                    "64": 5083.0999999996275
                },
                "reduce": {
                    "2": 5080.0999999996275,
                    "4": 9911.400000000373,
                    "8": 7690.5,
                    "16": 9739.0,
                    "32": 11919.799999999814,
                    "64": 10567.0
                },
                "barrier": {
                    "2": 82.70000000018626,
                    "4": 138.3999999994412,
                    "8": 5090.0,
                    "16": 5089.700000000186,
                    "32": 5120.600000000559,
                    "64": 5059.700000000186
                }
            }
        },
        "optimized": {
            "tree": {
                "bcast": {
                    "2": 46.60000000055879,
                    "4": 50.90000000037253,
                    "8": 50.09999999962747,
                    "16": 58.0,
                    "32": 62.09999999962747,
                    "64": 70.6000000005588
                },
                "reduce": {
                    "2": 154.6000000005588,
                    "4": 174.79999999981374,
                    "8": 183.80000000074506,
                    "16": 182.70000000018626,
                    "32": 314.90000000037253,
                    "64": 563.2000000001863
                },
                "barrier": {
                    "2": 81.29999999981374,
                    "4": 107.69999999925494,
                    "8": 116.09999999962747,
                    "16": 114.6000000005588,
                    "32": 166.79999999981374,
                    "64": 235.79999999981374
                }
            }
        }
    }
}